{"cameraMode":{"drawMode":0,"name":"Shaded","section":"Shading Mode"},"sceneLighting":false,"audioPlay":false,"sceneViewState":{"m_AlwaysRefresh":false,"showFog":true,"showSkybox":false,"showFlares":true,"showImageEffects":true,"showParticleSystems":true,"showVisualEffectGraphs":true,"m_FxEnabled":true},"in2DMode":false,"pivot":{"x":-3.5762786865234377e-7,"y":0.878556489944458,"z":-0.06487268209457398},"rotation":{"x":-0.008874383755028248,"y":-0.9878950119018555,"z":0.14204777777194978,"w":-0.06171788275241852},"size":1.4498395919799805,"orthographic":false}