{"cameraMode":{"drawMode":0,"name":"Shaded","section":"Shading Mode"},"sceneLighting":true,"audioPlay":false,"sceneViewState":{"m_AlwaysRefresh":false,"showFog":true,"showSkybox":true,"showFlares":true,"showImageEffects":true,"showParticleSystems":true,"showVisualEffectGraphs":true,"m_FxEnabled":true},"in2DMode":false,"pivot":{"x":27.485179901123048,"y":-0.2297344207763672,"z":12.630110740661621},"rotation":{"x":0.013156117871403695,"y":-0.9196405410766602,"z":0.3913240134716034,"w":0.030917970463633539},"size":12.348973274230957,"orthographic":false}