{"cameraMode":{"drawMode":0,"name":"Shaded","section":"Shading Mode"},"sceneLighting":true,"audioPlay":false,"sceneViewState":{"m_AlwaysRefresh":false,"showFog":true,"showSkybox":true,"showFlares":true,"showImageEffects":true,"showParticleSystems":true,"showVisualEffectGraphs":true,"m_FxEnabled":true},"in2DMode":false,"pivot":{"x":0.5118627548217773,"y":1.0661647319793702,"z":-4.256202697753906},"rotation":{"x":-0.008184806443750859,"y":-0.9892906546592712,"z":0.06122555211186409,"w":-0.13224931061267854},"size":4.417736053466797,"orthographic":false}